year,gender,crime_id,AgeGroup,Count
2010,male,1,Under 18 years,31
2011,male,1,Under 18 years,25
2012,male,1,Under 18 years,22
2013,male,1,Under 18 years,19
2014,male,1,Under 18 years,19
2015,male,1,Under 18 years,22
2016,male,1,Under 18 years,26
2017,male,1,Under 18 years,26
2018,male,1,Under 18 years,23
2019,male,1,Under 18 years,22
2020,male,1,Under 18 years,23
2021,male,1,Under 18 years,33
2010,female,1,Under 18 years,25
2011,female,1,Under 18 years,22
2012,female,1,Under 18 years,23
2013,female,1,Under 18 years,17
2014,female,1,Under 18 years,25
2015,female,1,Under 18 years,31
2016,female,1,Under 18 years,18
2017,female,1,Under 18 years,13
2018,female,1,Under 18 years,21
2019,female,1,Under 18 years,13
2020,female,1,Under 18 years,22
2021,female,1,Under 18 years,14
2010,male,10,Under 18 years,19
2011,male,10,Under 18 years,10
2012,male,10,Under 18 years,13
2013,male,10,Under 18 years,11
2014,male,10,Under 18 years,11
2015,male,10,Under 18 years,13
2016,male,10,Under 18 years,17
2017,male,10,Under 18 years,16
2018,male,10,Under 18 years,12
2019,male,10,Under 18 years,15
2020,male,10,Under 18 years,25
2021,male,10,Under 18 years,60
2010,female,10,Under 18 years,11
2011,female,10,Under 18 years,8
2012,female,10,Under 18 years,13
2013,female,10,Under 18 years,16
2014,female,10,Under 18 years,13
2015,female,10,Under 18 years,27
2016,female,10,Under 18 years,20
2017,female,10,Under 18 years,28
2018,female,10,Under 18 years,21
2019,female,10,Under 18 years,37
2020,female,10,Under 18 years,30
2021,female,10,Under 18 years,22
2010,male,1,18-24 years,47
2011,male,1,18-24 years,42
2012,male,1,18-24 years,42
2013,male,1,18-24 years,38
2014,male,1,18-24 years,38
2015,male,1,18-24 years,34
2016,male,1,18-24 years,33
2017,male,1,18-24 years,40
2018,male,1,18-24 years,29
2019,male,1,18-24 years,32
2020,male,1,18-24 years,31
2021,male,1,18-24 years,28
2010,female,1,18-24 years,15
2011,female,1,18-24 years,20
2012,female,1,18-24 years,18
2013,female,1,18-24 years,22
2014,female,1,18-24 years,13
2015,female,1,18-24 years,13
2016,female,1,18-24 years,20
2017,female,1,18-24 years,17
2018,female,1,18-24 years,6
2019,female,1,18-24 years,17
2020,female,1,18-24 years,14
2021,female,1,18-24 years,15
2010,male,10,18-24 years,42
2011,male,10,18-24 years,34
2012,male,10,18-24 years,48
2013,male,10,18-24 years,63
2014,male,10,18-24 years,73
2015,male,10,18-24 years,72
2016,male,10,18-24 years,73
2017,male,10,18-24 years,63
2018,male,10,18-24 years,83
2019,male,10,18-24 years,66
2020,male,10,18-24 years,101
2021,male,10,18-24 years,134
2010,female,10,18-24 years,25
2011,female,10,18-24 years,31
2012,female,10,18-24 years,23
2013,female,10,18-24 years,39
2014,female,10,18-24 years,38
2015,female,10,18-24 years,25
2016,female,10,18-24 years,33
2017,female,10,18-24 years,27
2018,female,10,18-24 years,35
2019,female,10,18-24 years,29
2020,female,10,18-24 years,24
2021,female,10,18-24 years,35
2010,male,1,25-34 years,50
2011,male,1,25-34 years,75
2012,male,1,25-34 years,87
2013,male,1,25-34 years,82
2014,male,1,25-34 years,47
2015,male,1,25-34 years,71
2016,male,1,25-34 years,73
2017,male,1,25-34 years,65
2018,male,1,25-34 years,37
2019,male,1,25-34 years,71
2020,male,1,25-34 years,46
2021,male,1,25-34 years,61
2010,female,1,25-34 years,32
2011,female,1,25-34 years,30
2012,female,1,25-34 years,28
2013,female,1,25-34 years,33
2014,female,1,25-34 years,30
2015,female,1,25-34 years,32
2016,female,1,25-34 years,40
2017,female,1,25-34 years,25
2018,female,1,25-34 years,22
2019,female,1,25-34 years,33
2020,female,1,25-34 years,21
2021,female,1,25-34 years,25
2010,male,10,25-34 years,68
2011,male,10,25-34 years,44
2012,male,10,25-34 years,85
2013,male,10,25-34 years,68
2014,male,10,25-34 years,93
2015,male,10,25-34 years,74
2016,male,10,25-34 years,84
2017,male,10,25-34 years,83
2018,male,10,25-34 years,90
2019,male,10,25-34 years,75
2020,male,10,25-34 years,68
2021,male,10,25-34 years,102
2010,female,10,25-34 years,38
2011,female,10,25-34 years,27
2012,female,10,25-34 years,25
2013,female,10,25-34 years,41
2014,female,10,25-34 years,24
2015,female,10,25-34 years,37
2016,female,10,25-34 years,39
2017,female,10,25-34 years,50
2018,female,10,25-34 years,33
2019,female,10,25-34 years,38
2020,female,10,25-34 years,35
2021,female,10,25-34 years,31
2010,male,1,35-44 years,66
2011,male,1,35-44 years,69
2012,male,1,35-44 years,62
2013,male,1,35-44 years,51
2014,male,1,35-44 years,66
2015,male,1,35-44 years,59
2016,male,1,35-44 years,59
2017,male,1,35-44 years,79
2018,male,1,35-44 years,58
2019,male,1,35-44 years,64
2020,male,1,35-44 years,65
2021,male,1,35-44 years,44
2010,female,1,35-44 years,31
2011,female,1,35-44 years,30
2012,female,1,35-44 years,21
2013,female,1,35-44 years,32
2014,female,1,35-44 years,34
2015,female,1,35-44 years,29
2016,female,1,35-44 years,28
2017,female,1,35-44 years,31
2018,female,1,35-44 years,26
2019,female,1,35-44 years,18
2020,female,1,35-44 years,22
2021,female,1,35-44 years,14
2010,male,10,35-44 years,61
2011,male,10,35-44 years,61
2012,male,10,35-44 years,64
2013,male,10,35-44 years,67
2014,male,10,35-44 years,78
2015,male,10,35-44 years,65
2016,male,10,35-44 years,68
2017,male,10,35-44 years,60
2018,male,10,35-44 years,65
2019,male,10,35-44 years,71
2020,male,10,35-44 years,59
2021,male,10,35-44 years,62
2010,female,10,35-44 years,32
2011,female,10,35-44 years,35
2012,female,10,35-44 years,25
2013,female,10,35-44 years,17
2014,female,10,35-44 years,18
2015,female,10,35-44 years,25
2016,female,10,35-44 years,45
2017,female,10,35-44 years,25
2018,female,10,35-44 years,23
2019,female,10,35-44 years,27
2020,female,10,35-44 years,22
2021,female,10,35-44 years,30
2010,male,1,45-54 years,46
2011,male,1,45-54 years,50
2012,male,1,45-54 years,42
2013,male,1,45-54 years,38
2014,male,1,45-54 years,44
2015,male,1,45-54 years,44
2016,male,1,45-54 years,48
2017,male,1,45-54 years,45
2018,male,1,45-54 years,43
2019,male,1,45-54 years,48
2020,male,1,45-54 years,55
2021,male,1,45-54 years,52
2010,female,1,45-54 years,26
2011,female,1,45-54 years,14
2012,female,1,45-54 years,15
2013,female,1,45-54 years,20
2014,female,1,45-54 years,17
2015,female,1,45-54 years,20
2016,female,1,45-54 years,21
2017,female,1,45-54 years,17
2018,female,1,45-54 years,10
2019,female,1,45-54 years,10
2020,female,1,45-54 years,16
2021,female,1,45-54 years,19
2010,male,10,45-54 years,68
2011,male,10,45-54 years,48
2012,male,10,45-54 years,38
2013,male,10,45-54 years,59
2014,male,10,45-54 years,60
2015,male,10,45-54 years,56
2016,male,10,45-54 years,48
2017,male,10,45-54 years,52
2018,male,10,45-54 years,71
2019,male,10,45-54 years,64
2020,male,10,45-54 years,47
2021,male,10,45-54 years,52
2010,female,10,45-54 years,28
2011,female,10,45-54 years,15
2012,female,10,45-54 years,21
2013,female,10,45-54 years,13
2014,female,10,45-54 years,22
2015,female,10,45-54 years,13
2016,female,10,45-54 years,33
2017,female,10,45-54 years,32
2018,female,10,45-54 years,21
2019,female,10,45-54 years,20
2020,female,10,45-54 years,11
2021,female,10,45-54 years,23
2010,male,1,55 and over,41
2011,male,1,55 and over,61
2012,male,1,55 and over,47
2013,male,1,55 and over,37
2014,male,1,55 and over,42
2015,male,1,55 and over,33
2016,male,1,55 and over,53
2017,male,1,55 and over,38
2018,male,1,55 and over,55
2019,male,1,55 and over,53
2020,male,1,55 and over,39
2021,male,1,55 and over,42
2010,female,1,55 and over,35
2011,female,1,55 and over,29
2012,female,1,55 and over,30
2013,female,1,55 and over,25
2014,female,1,55 and over,30
2015,female,1,55 and over,24
2016,female,1,55 and over,41
2017,female,1,55 and over,29
2018,female,1,55 and over,45
2019,female,1,55 and over,27
2020,female,1,55 and over,33
2021,female,1,55 and over,12
2010,male,10,55 and over,46
2011,male,10,55 and over,45
2012,male,10,55 and over,42
2013,male,10,55 and over,57
2014,male,10,55 and over,39
2015,male,10,55 and over,40
2016,male,10,55 and over,49
2017,male,10,55 and over,46
2018,male,10,55 and over,61
2019,male,10,55 and over,57
2020,male,10,55 and over,39
2021,male,10,55 and over,61
2010,female,10,55 and over,17
2011,female,10,55 and over,11
2012,female,10,55 and over,11
2013,female,10,55 and over,18
2014,female,10,55 and over,13
2015,female,10,55 and over,18
2016,female,10,55 and over,20
2017,female,10,55 and over,14
2018,female,10,55 and over,29
2019,female,10,55 and over,20
2020,female,10,55 and over,20
2021,female,10,55 and over,19
2010,male,5,Under 18 years,1989
2011,male,5,Under 18 years,1915
2012,male,5,Under 18 years,2173
2013,male,5,Under 18 years,2187
2014,male,5,Under 18 years,2226
2015,male,5,Under 18 years,2277
2016,male,5,Under 18 years,2373
2017,male,5,Under 18 years,2392
2018,male,5,Under 18 years,2253
2019,male,5,Under 18 years,2532
2020,male,5,Under 18 years,2394
2021,male,5,Under 18 years,2325
2010,female,5,Under 18 years,8772
2011,female,5,Under 18 years,8428
2012,female,5,Under 18 years,8693
2013,female,5,Under 18 years,8791
2014,female,5,Under 18 years,9067
2015,female,5,Under 18 years,9198
2016,female,5,Under 18 years,9262
2017,female,5,Under 18 years,10394
2018,female,5,Under 18 years,10705
2019,female,5,Under 18 years,10558
2020,female,5,Under 18 years,11497
2021,female,5,Under 18 years,12878
2010,male,7,Under 18 years,1946
2011,male,7,Under 18 years,1645
2012,male,7,Under 18 years,1359
2013,male,7,Under 18 years,1173
2014,male,7,Under 18 years,1059
2015,male,7,Under 18 years,891
2016,male,7,Under 18 years,979
2017,male,7,Under 18 years,1284
2018,male,7,Under 18 years,1493
2019,male,7,Under 18 years,1967
2020,male,7,Under 18 years,1702
2021,male,7,Under 18 years,1841
2010,female,7,Under 18 years,404
2011,female,7,Under 18 years,367
2012,female,7,Under 18 years,321
2013,female,7,Under 18 years,273
2014,female,7,Under 18 years,260
2015,female,7,Under 18 years,191
2016,female,7,Under 18 years,212
2017,female,7,Under 18 years,241
2018,female,7,Under 18 years,329
2019,female,7,Under 18 years,405
2020,female,7,Under 18 years,337
2021,female,7,Under 18 years,422
2010,male,8,Under 18 years,476
2011,male,8,Under 18 years,430
2012,male,8,Under 18 years,431
2013,male,8,Under 18 years,363
2014,male,8,Under 18 years,357
2015,male,8,Under 18 years,364
2016,male,8,Under 18 years,395
2017,male,8,Under 18 years,510
2018,male,8,Under 18 years,554
2019,male,8,Under 18 years,821
2020,male,8,Under 18 years,776
2021,male,8,Under 18 years,772
2010,female,8,Under 18 years,82
2011,female,8,Under 18 years,93
2012,female,8,Under 18 years,72
2013,female,8,Under 18 years,61
2014,female,8,Under 18 years,64
2015,female,8,Under 18 years,57
2016,female,8,Under 18 years,49
2017,female,8,Under 18 years,69
2018,female,8,Under 18 years,87
2019,female,8,Under 18 years,125
2020,female,8,Under 18 years,93
2021,female,8,Under 18 years,123
2010,male,9,Under 18 years,1465
2011,male,9,Under 18 years,1211
2012,male,9,Under 18 years,930
2013,male,9,Under 18 years,807
2014,male,9,Under 18 years,696
2015,male,9,Under 18 years,526
2016,male,9,Under 18 years,586
2017,male,9,Under 18 years,781
2018,male,9,Under 18 years,937
2019,male,9,Under 18 years,1155
2020,male,9,Under 18 years,926
2021,male,9,Under 18 years,1067
2010,female,9,Under 18 years,320
2011,female,9,Under 18 years,277
2012,female,9,Under 18 years,250
2013,female,9,Under 18 years,209
2014,female,9,Under 18 years,200
2015,female,9,Under 18 years,140
2016,female,9,Under 18 years,163
2017,female,9,Under 18 years,173
2018,female,9,Under 18 years,238
2019,female,9,Under 18 years,276
2020,female,9,Under 18 years,238
2021,female,9,Under 18 years,302
2010,male,5,18-24 years,274
2011,male,5,18-24 years,280
2012,male,5,18-24 years,308
2013,male,5,18-24 years,316
2014,male,5,18-24 years,319
2015,male,5,18-24 years,334
2016,male,5,18-24 years,377
2017,male,5,18-24 years,426
2018,male,5,18-24 years,416
2019,male,5,18-24 years,405
2020,male,5,18-24 years,412
2021,male,5,18-24 years,443
2010,female,5,18-24 years,2937
2011,female,5,18-24 years,2944
2012,female,5,18-24 years,2966
2013,female,5,18-24 years,3020
2014,female,5,18-24 years,2950
2015,female,5,18-24 years,3015
2016,female,5,18-24 years,3288
2017,female,5,18-24 years,3728
2018,female,5,18-24 years,4066
2019,female,5,18-24 years,4110
2020,female,5,18-24 years,4203
2021,female,5,18-24 years,4885
2010,male,7,18-24 years,3353
2011,male,7,18-24 years,2630
2012,male,7,18-24 years,2297
2013,male,7,18-24 years,2070
2014,male,7,18-24 years,1616
2015,male,7,18-24 years,1477
2016,male,7,18-24 years,1628
2017,male,7,18-24 years,1493
2018,male,7,18-24 years,1782
2019,male,7,18-24 years,2108
2020,male,7,18-24 years,1539
2021,male,7,18-24 years,1206
2010,female,7,18-24 years,834
2011,female,7,18-24 years,816
2012,female,7,18-24 years,795
2013,female,7,18-24 years,639
2014,female,7,18-24 years,577
2015,female,7,18-24 years,453
2016,female,7,18-24 years,496
2017,female,7,18-24 years,458
2018,female,7,18-24 years,483
2019,female,7,18-24 years,529
2020,female,7,18-24 years,437
2021,female,7,18-24 years,343
2010,male,8,18-24 years,1105
2011,male,8,18-24 years,1010
2012,male,8,18-24 years,945
2013,male,8,18-24 years,921
2014,male,8,18-24 years,747
2015,male,8,18-24 years,717
2016,male,8,18-24 years,885
2017,male,8,18-24 years,736
2018,male,8,18-24 years,938
2019,male,8,18-24 years,1057
2020,male,8,18-24 years,774
2021,male,8,18-24 years,619
2010,female,8,18-24 years,217
2011,female,8,18-24 years,225
2012,female,8,18-24 years,239
2013,female,8,18-24 years,191
2014,female,8,18-24 years,205
2015,female,8,18-24 years,183
2016,female,8,18-24 years,175
2017,female,8,18-24 years,172
2018,female,8,18-24 years,198
2019,female,8,18-24 years,201
2020,female,8,18-24 years,197
2021,female,8,18-24 years,145
2010,male,9,18-24 years,2247
2011,male,9,18-24 years,1624
2012,male,9,18-24 years,1357
2013,male,9,18-24 years,1152
2014,male,9,18-24 years,872
2015,male,9,18-24 years,759
2016,male,9,18-24 years,734
2017,male,9,18-24 years,761
2018,male,9,18-24 years,844
2019,male,9,18-24 years,1050
2020,male,9,18-24 years,770
2021,male,9,18-24 years,587
2010,female,9,18-24 years,617
2011,female,9,18-24 years,591
2012,female,9,18-24 years,556
2013,female,9,18-24 years,446
2014,female,9,18-24 years,375
2015,female,9,18-24 years,276
2016,female,9,18-24 years,319
2017,female,9,18-24 years,285
2018,female,9,18-24 years,279
2019,female,9,18-24 years,328
2020,female,9,18-24 years,240
2021,female,9,18-24 years,193
2010,male,5,25-34 years,205
2011,male,5,25-34 years,233
2012,male,5,25-34 years,285
2013,male,5,25-34 years,273
2014,male,5,25-34 years,330
2015,male,5,25-34 years,309
2016,male,5,25-34 years,369
2017,male,5,25-34 years,394
2018,male,5,25-34 years,399
2019,male,5,25-34 years,410
2020,male,5,25-34 years,481
2021,male,5,25-34 years,523
2010,female,5,25-34 years,1946
2011,female,5,25-34 years,2058
2012,female,5,25-34 years,2056
2013,female,5,25-34 years,2206
2014,female,5,25-34 years,2272
2015,female,5,25-34 years,2414
2016,female,5,25-34 years,2710
2017,female,5,25-34 years,3124
2018,female,5,25-34 years,3211
2019,female,5,25-34 years,3477
2020,female,5,25-34 years,3360
2021,female,5,25-34 years,3908
2010,male,7,25-34 years,2107
2011,male,7,25-34 years,2039
2012,male,7,25-34 years,1899
2013,male,7,25-34 years,1734
2014,male,7,25-34 years,1456
2015,male,7,25-34 years,1403
2016,male,7,25-34 years,1415
2017,male,7,25-34 years,1403
2018,male,7,25-34 years,1441
2019,male,7,25-34 years,1709
2020,male,7,25-34 years,1354
2021,male,7,25-34 years,1247
2010,female,7,25-34 years,678
2011,female,7,25-34 years,722
2012,female,7,25-34 years,681
2013,female,7,25-34 years,670
2014,female,7,25-34 years,470
2015,female,7,25-34 years,483
2016,female,7,25-34 years,505
2017,female,7,25-34 years,503
2018,female,7,25-34 years,530
2019,female,7,25-34 years,550
2020,female,7,25-34 years,427
2021,female,7,25-34 years,461
2010,male,8,25-34 years,757
2011,male,8,25-34 years,844
2012,male,8,25-34 years,875
2013,male,8,25-34 years,787
2014,male,8,25-34 years,718
2015,male,8,25-34 years,713
2016,male,8,25-34 years,798
2017,male,8,25-34 years,749
2018,male,8,25-34 years,720
2019,male,8,25-34 years,898
2020,male,8,25-34 years,755
2021,male,8,25-34 years,661
2010,female,8,25-34 years,233
2011,female,8,25-34 years,219
2012,female,8,25-34 years,227
2013,female,8,25-34 years,229
2014,female,8,25-34 years,179
2015,female,8,25-34 years,206
2016,female,8,25-34 years,189
2017,female,8,25-34 years,206
2018,female,8,25-34 years,203
2019,female,8,25-34 years,248
2020,female,8,25-34 years,198
2021,female,8,25-34 years,178
2010,male,9,25-34 years,1351
2011,male,9,25-34 years,1195
2012,male,9,25-34 years,1019
2013,male,9,25-34 years,952
2014,male,9,25-34 years,735
2015,male,9,25-34 years,694
2016,male,9,25-34 years,619
2017,male,9,25-34 years,655
2018,male,9,25-34 years,723
2019,male,9,25-34 years,810
2020,male,9,25-34 years,604
2021,male,9,25-34 years,587
2010,female,9,25-34 years,438
2011,female,9,25-34 years,497
2012,female,9,25-34 years,457
2013,female,9,25-34 years,442
2014,female,9,25-34 years,288
2015,female,9,25-34 years,279
2016,female,9,25-34 years,311
2017,female,9,25-34 years,301
2018,female,9,25-34 years,323
2019,female,9,25-34 years,309
2020,female,9,25-34 years,228
2021,female,9,25-34 years,288
2010,male,5,35-44 years,228
2011,male,5,35-44 years,210
2012,male,5,35-44 years,225
2013,male,5,35-44 years,257
2014,male,5,35-44 years,321
2015,male,5,35-44 years,379
2016,male,5,35-44 years,369
2017,male,5,35-44 years,418
2018,male,5,35-44 years,329
2019,male,5,35-44 years,367
2020,male,5,35-44 years,398
2021,male,5,35-44 years,437
2010,female,5,35-44 years,1188
2011,female,5,35-44 years,1250
2012,female,5,35-44 years,1291
2013,female,5,35-44 years,1414
2014,female,5,35-44 years,1412
2015,female,5,35-44 years,1594
2016,female,5,35-44 years,1753
2017,female,5,35-44 years,1907
2018,female,5,35-44 years,1943
2019,female,5,35-44 years,1892
2020,female,5,35-44 years,1991
2021,female,5,35-44 years,2422
2010,male,7,35-44 years,930
2011,male,7,35-44 years,838
2012,male,7,35-44 years,904
2013,male,7,35-44 years,818
2014,male,7,35-44 years,735
2015,male,7,35-44 years,709
2016,male,7,35-44 years,795
2017,male,7,35-44 years,848
2018,male,7,35-44 years,843
2019,male,7,35-44 years,977
2020,male,7,35-44 years,853
2021,male,7,35-44 years,814
2010,female,7,35-44 years,394
2011,female,7,35-44 years,417
2012,female,7,35-44 years,441
2013,female,7,35-44 years,380
2014,female,7,35-44 years,341
2015,female,7,35-44 years,304
2016,female,7,35-44 years,314
2017,female,7,35-44 years,310
2018,female,7,35-44 years,341
2019,female,7,35-44 years,362
2020,female,7,35-44 years,312
2021,female,7,35-44 years,317
2010,male,8,35-44 years,369
2011,male,8,35-44 years,355
2012,male,8,35-44 years,392
2013,male,8,35-44 years,373
2014,male,8,35-44 years,357
2015,male,8,35-44 years,370
2016,male,8,35-44 years,411
2017,male,8,35-44 years,420
2018,male,8,35-44 years,425
2019,male,8,35-44 years,509
2020,male,8,35-44 years,447
2021,male,8,35-44 years,440
2010,female,8,35-44 years,150
2011,female,8,35-44 years,156
2012,female,8,35-44 years,180
2013,female,8,35-44 years,152
2014,female,8,35-44 years,125
2015,female,8,35-44 years,145
2016,female,8,35-44 years,144
2017,female,8,35-44 years,115
2018,female,8,35-44 years,144
2019,female,8,35-44 years,151
2020,female,8,35-44 years,149
2021,female,8,35-44 years,120
2010,male,9,35-44 years,562
2011,male,9,35-44 years,484
2012,male,9,35-44 years,516
2013,male,9,35-44 years,450
2014,male,9,35-44 years,381
2015,male,9,35-44 years,344
2016,male,9,35-44 years,383
2017,male,9,35-44 years,426
2018,male,9,35-44 years,414
2019,male,9,35-44 years,462
2020,male,9,35-44 years,409
2021,male,9,35-44 years,372
2010,female,9,35-44 years,248
2011,female,9,35-44 years,265
2012,female,9,35-44 years,265
2013,female,9,35-44 years,228
2014,female,9,35-44 years,218
2015,female,9,35-44 years,158
2016,female,9,35-44 years,174
2017,female,9,35-44 years,193
2018,female,9,35-44 years,195
2019,female,9,35-44 years,214
2020,female,9,35-44 years,165
2021,female,9,35-44 years,191
2010,male,5,45-54 years,106
2011,male,5,45-54 years,114
2012,male,5,45-54 years,142
2013,male,5,45-54 years,229
2014,male,5,45-54 years,213
2015,male,5,45-54 years,341
2016,male,5,45-54 years,357
2017,male,5,45-54 years,464
2018,male,5,45-54 years,404
2019,male,5,45-54 years,360
2020,male,5,45-54 years,314
2021,male,5,45-54 years,341
2010,female,5,45-54 years,614
2011,female,5,45-54 years,627
2012,female,5,45-54 years,678
2013,female,5,45-54 years,701
2014,female,5,45-54 years,800
2015,female,5,45-54 years,990
2016,female,5,45-54 years,1163
2017,female,5,45-54 years,1224
2018,female,5,45-54 years,1263
2019,female,5,45-54 years,1240
2020,female,5,45-54 years,1259
2021,female,5,45-54 years,1484
2010,male,7,45-54 years,610
2011,male,7,45-54 years,601
2012,male,7,45-54 years,584
2013,male,7,45-54 years,512
2014,male,7,45-54 years,484
2015,male,7,45-54 years,465
2016,male,7,45-54 years,513
2017,male,7,45-54 years,522
2018,male,7,45-54 years,532
2019,male,7,45-54 years,582
2020,male,7,45-54 years,537
2021,male,7,45-54 years,491
2010,female,7,45-54 years,351
2011,female,7,45-54 years,335
2012,female,7,45-54 years,350
2013,female,7,45-54 years,331
2014,female,7,45-54 years,258
2015,female,7,45-54 years,240
2016,female,7,45-54 years,255
2017,female,7,45-54 years,278
2018,female,7,45-54 years,296
2019,female,7,45-54 years,286
2020,female,7,45-54 years,220
2021,female,7,45-54 years,244
2010,male,8,45-54 years,259
2011,male,8,45-54 years,300
2012,male,8,45-54 years,282
2013,male,8,45-54 years,248
2014,male,8,45-54 years,242
2015,male,8,45-54 years,229
2016,male,8,45-54 years,294
2017,male,8,45-54 years,261
2018,male,8,45-54 years,274
2019,male,8,45-54 years,285
2020,male,8,45-54 years,283
2021,male,8,45-54 years,244
2010,female,8,45-54 years,140
2011,female,8,45-54 years,137
2012,female,8,45-54 years,139
2013,female,8,45-54 years,130
2014,female,8,45-54 years,111
2015,female,8,45-54 years,115
2016,female,8,45-54 years,120
2017,female,8,45-54 years,115
2018,female,8,45-54 years,131
2019,female,8,45-54 years,119
2020,female,8,45-54 years,113
2021,female,8,45-54 years,104
2010,male,9,45-54 years,352
2011,male,9,45-54 years,302
2012,male,9,45-54 years,305
2013,male,9,45-54 years,260
2014,male,9,45-54 years,241
2015,male,9,45-54 years,240
2016,male,9,45-54 years,222
2017,male,9,45-54 years,263
2018,male,9,45-54 years,255
2019,male,9,45-54 years,291
2020,male,9,45-54 years,254
2021,male,9,45-54 years,248
2010,female,9,45-54 years,213
2011,female,9,45-54 years,201
2012,female,9,45-54 years,210
2013,female,9,45-54 years,203
2014,female,9,45-54 years,145
2015,female,9,45-54 years,129
2016,female,9,45-54 years,140
2017,female,9,45-54 years,160
2018,female,9,45-54 years,164
2019,female,9,45-54 years,164
2020,female,9,45-54 years,107
2021,female,9,45-54 years,137
2010,male,5,55 and over,48
2011,male,5,55 and over,61
2012,male,5,55 and over,100
2013,male,5,55 and over,113
2014,male,5,55 and over,105
2015,male,5,55 and over,217
2016,male,5,55 and over,246
2017,male,5,55 and over,397
2018,male,5,55 and over,286
2019,male,5,55 and over,268
2020,male,5,55 and over,254
2021,male,5,55 and over,268
2010,female,5,55 and over,382
2011,female,5,55 and over,343
2012,female,5,55 and over,379
2013,female,5,55 and over,391
2014,female,5,55 and over,507
2015,female,5,55 and over,603
2016,female,5,55 and over,598
2017,female,5,55 and over,743
2018,female,5,55 and over,815
2019,female,5,55 and over,883
2020,female,5,55 and over,791
2021,female,5,55 and over,1007
2010,male,7,55 and over,498
2011,male,7,55 and over,447
2012,male,7,55 and over,488
2013,male,7,55 and over,437
2014,male,7,55 and over,478
2015,male,7,55 and over,447
2016,male,7,55 and over,437
2017,male,7,55 and over,513
2018,male,7,55 and over,514
2019,male,7,55 and over,600
2020,male,7,55 and over,434
2021,male,7,55 and over,491
2010,female,7,55 and over,337
2011,female,7,55 and over,329
2012,female,7,55 and over,364
2013,female,7,55 and over,345
2014,female,7,55 and over,315
2015,female,7,55 and over,257
2016,female,7,55 and over,294
2017,female,7,55 and over,275
2018,female,7,55 and over,296
2019,female,7,55 and over,323
2020,female,7,55 and over,236
2021,female,7,55 and over,241
2010,male,8,55 and over,188
2011,male,8,55 and over,207
2012,male,8,55 and over,233
2013,male,8,55 and over,229
2014,male,8,55 and over,241
2015,male,8,55 and over,227
2016,male,8,55 and over,212
2017,male,8,55 and over,233
2018,male,8,55 and over,246
2019,male,8,55 and over,299
2020,male,8,55 and over,229
2021,male,8,55 and over,229
2010,female,8,55 and over,96
2011,female,8,55 and over,87
2012,female,8,55 and over,120
2013,female,8,55 and over,108
2014,female,8,55 and over,121
2015,female,8,55 and over,92
2016,female,8,55 and over,109
2017,female,8,55 and over,101
2018,female,8,55 and over,95
2019,female,8,55 and over,135
2020,female,8,55 and over,83
2021,female,8,55 and over,97
2010,male,9,55 and over,309
2011,male,9,55 and over,245
2012,male,9,55 and over,250
2013,male,9,55 and over,212
2014,male,9,55 and over,245
2015,male,9,55 and over,211
2016,male,9,55 and over,223
2017,male,9,55 and over,272
2018,male,9,55 and over,267
2019,male,9,55 and over,303
2020,male,9,55 and over,209
2021,male,9,55 and over,253
2010,female,9,55 and over,236
2011,female,9,55 and over,249
2012,female,9,55 and over,251
2013,female,9,55 and over,233
2014,female,9,55 and over,196
2015,female,9,55 and over,167
2016,female,9,55 and over,184
2017,female,9,55 and over,180
2018,female,9,55 and over,197
2019,female,9,55 and over,183
2020,female,9,55 and over,153
2021,female,9,55 and over,149
2010,male,6,Under 18 years,124
2011,male,6,Under 18 years,131
2012,male,6,Under 18 years,121
2013,male,6,Under 18 years,86
2014,male,6,Under 18 years,71
2015,male,6,Under 18 years,69
2016,male,6,Under 18 years,51
2017,male,6,Under 18 years,46
2018,male,6,Under 18 years,40
2019,male,6,Under 18 years,58
2020,male,6,Under 18 years,49
2021,male,6,Under 18 years,45
2010,female,6,Under 18 years,196
2011,female,6,Under 18 years,203
2012,female,6,Under 18 years,176
2013,female,6,Under 18 years,136
2014,female,6,Under 18 years,112
2015,female,6,Under 18 years,102
2016,female,6,Under 18 years,101
2017,female,6,Under 18 years,90
2018,female,6,Under 18 years,66
2019,female,6,Under 18 years,65
2020,female,6,Under 18 years,69
2021,female,6,Under 18 years,68
2010,male,6,18-24 years,46
2011,male,6,18-24 years,45
2012,male,6,18-24 years,54
2013,male,6,18-24 years,56
2014,male,6,18-24 years,51
2015,male,6,18-24 years,61
2016,male,6,18-24 years,51
2017,male,6,18-24 years,33
2018,male,6,18-24 years,37
2019,male,6,18-24 years,52
2020,male,6,18-24 years,44
2021,male,6,18-24 years,39
2010,female,6,18-24 years,66
2011,female,6,18-24 years,91
2012,female,6,18-24 years,74
2013,female,6,18-24 years,83
2014,female,6,18-24 years,79
2015,female,6,18-24 years,59
2016,female,6,18-24 years,69
2017,female,6,18-24 years,67
2018,female,6,18-24 years,59
2019,female,6,18-24 years,49
2020,female,6,18-24 years,41
2021,female,6,18-24 years,42
2010,male,6,25-34 years,44
2011,male,6,25-34 years,42
2012,male,6,25-34 years,51
2013,male,6,25-34 years,46
2014,male,6,25-34 years,58
2015,male,6,25-34 years,65
2016,male,6,25-34 years,72
2017,male,6,25-34 years,71
2018,male,6,25-34 years,58
2019,male,6,25-34 years,76
2020,male,6,25-34 years,46
2021,male,6,25-34 years,55
2010,female,6,25-34 years,52
2011,female,6,25-34 years,45
2012,female,6,25-34 years,55
2013,female,6,25-34 years,56
2014,female,6,25-34 years,72
2015,female,6,25-34 years,63
2016,female,6,25-34 years,69
2017,female,6,25-34 years,57
2018,female,6,25-34 years,55
2019,female,6,25-34 years,76
2020,female,6,25-34 years,45
2021,female,6,25-34 years,63
2010,male,6,35-44 years,17
2011,male,6,35-44 years,29
2012,male,6,35-44 years,17
2013,male,6,35-44 years,28
2014,male,6,35-44 years,28
2015,male,6,35-44 years,30
2016,male,6,35-44 years,26
2017,male,6,35-44 years,23
2018,male,6,35-44 years,32
2019,male,6,35-44 years,29
2020,male,6,35-44 years,24
2021,male,6,35-44 years,30
2010,female,6,35-44 years,29
2011,female,6,35-44 years,37
2012,female,6,35-44 years,33
2013,female,6,35-44 years,36
2014,female,6,35-44 years,44
2015,female,6,35-44 years,39
2016,female,6,35-44 years,29
2017,female,6,35-44 years,27
2018,female,6,35-44 years,39
2019,female,6,35-44 years,45
2020,female,6,35-44 years,29
2021,female,6,35-44 years,31
2010,male,6,45-54 years,3
2011,male,6,45-54 years,9
2012,male,6,45-54 years,4
2013,male,6,45-54 years,18
2014,male,6,45-54 years,19
2015,male,6,45-54 years,13
2016,male,6,45-54 years,15
2017,male,6,45-54 years,14
2018,male,6,45-54 years,13
2019,male,6,45-54 years,17
2020,male,6,45-54 years,20
2021,male,6,45-54 years,19
2010,female,6,45-54 years,9
2011,female,6,45-54 years,10
2012,female,6,45-54 years,24
2013,female,6,45-54 years,10
2014,female,6,45-54 years,14
2015,female,6,45-54 years,13
2016,female,6,45-54 years,20
2017,female,6,45-54 years,16
2018,female,6,45-54 years,16
2019,female,6,45-54 years,18
2020,female,6,45-54 years,14
2021,female,6,45-54 years,25
2010,male,6,55 and over,9
2011,male,6,55 and over,8
2012,male,6,55 and over,5
2013,male,6,55 and over,5
2014,male,6,55 and over,9
2015,male,6,55 and over,0
2016,male,6,55 and over,12
2017,male,6,55 and over,5
2018,male,6,55 and over,7
2019,male,6,55 and over,13
2020,male,6,55 and over,6
2021,male,6,55 and over,11
2010,female,6,55 and over,3
2011,female,6,55 and over,7
2012,female,6,55 and over,5
2013,female,6,55 and over,11
2014,female,6,55 and over,3
2015,female,6,55 and over,9
2016,female,6,55 and over,13
2017,female,6,55 and over,19
2018,female,6,55 and over,12
2019,female,6,55 and over,17
2020,female,6,55 and over,4
2021,female,6,55 and over,11
