year,crime_id,LocationType,Value
2010,1,Dwelling,273
2010,1,Outbuilding_or_residential_land,16
2010,1,Street_footpath,75
2010,1,Other_community_location_p,22
2010,1,Other_s,60
2011,1,Dwelling,293
2011,1,Outbuilding_or_residential_land,26
2011,1,Street_footpath,62
2011,1,Other_community_location_p,37
2011,1,Other_s,35
2012,1,Dwelling,214
2012,1,Outbuilding_or_residential_land,25
2012,1,Street_footpath,93
2012,1,Other_community_location_p,47
2012,1,Other_s,46
2013,1,Dwelling,238
2013,1,Outbuilding_or_residential_land,25
2013,1,Street_footpath,76
2013,1,Other_community_location_p,28
2013,1,Other_s,45
2014,1,Dwelling,246
2014,1,Outbuilding_or_residential_land,19
2014,1,Street_footpath,74
2014,1,Other_community_location_p,36
2014,1,Other_s,26
2015,1,Dwelling,233
2015,1,Outbuilding_or_residential_land,22
2015,1,Street_footpath,69
2015,1,Other_community_location_p,33
2015,1,Other_s,38
2016,1,Dwelling,273
2016,1,Outbuilding_or_residential_land,15
2016,1,Street_footpath,82
2016,1,Other_community_location_p,31
2016,1,Other_s,49
2017,1,Dwelling,214
2017,1,Outbuilding_or_residential_land,32
2017,1,Street_footpath,110
2017,1,Other_community_location_p,38
2017,1,Other_s,26
2018,1,Dwelling,230
2018,1,Outbuilding_or_residential_land,21
2018,1,Street_footpath,53
2018,1,Other_community_location_p,26
2018,1,Other_s,35
2019,1,Dwelling,239
2019,1,Outbuilding_or_residential_land,17
2019,1,Street_footpath,69
2019,1,Other_community_location_p,41
2019,1,Other_s,40
2020,1,Dwelling,229
2020,1,Outbuilding_or_residential_land,12
2020,1,Street_footpath,83
2020,1,Other_community_location_p,34
2020,1,Other_s,28
2021,1,Dwelling,216
2021,1,Outbuilding_or_residential_land,9
2021,1,Street_footpath,64
2021,1,Other_community_location_p,37
2021,1,Other_s,29
2010,2,Dwelling,144
2010,2,Outbuilding_or_residential_land,4
2010,2,Street_footpath,30
2010,2,Other_community_location_p,18
2010,2,Other_s,21
2011,2,Dwelling,171
2011,2,Outbuilding_or_residential_land,12
2011,2,Street_footpath,21
2011,2,Other_community_location_p,14
2011,2,Other_s,14
2012,2,Dwelling,126
2012,2,Outbuilding_or_residential_land,7
2012,2,Street_footpath,37
2012,2,Other_community_location_p,29
2012,2,Other_s,22
2013,2,Dwelling,150
2013,2,Outbuilding_or_residential_land,10
2013,2,Street_footpath,34
2013,2,Other_community_location_p,12
2013,2,Other_s,26
2014,2,Dwelling,152
2014,2,Outbuilding_or_residential_land,11
2014,2,Street_footpath,33
2014,2,Other_community_location_p,26
2014,2,Other_s,19
2015,2,Dwelling,142
2015,2,Outbuilding_or_residential_land,7
2015,2,Street_footpath,38
2015,2,Other_community_location_p,19
2015,2,Other_s,21
2016,2,Dwelling,147
2016,2,Outbuilding_or_residential_land,5
2016,2,Street_footpath,29
2016,2,Other_community_location_p,14
2016,2,Other_s,25
2017,2,Dwelling,116
2017,2,Outbuilding_or_residential_land,19
2017,2,Street_footpath,40
2017,2,Other_community_location_p,16
2017,2,Other_s,14
2018,2,Dwelling,152
2018,2,Outbuilding_or_residential_land,8
2018,2,Street_footpath,17
2018,2,Other_community_location_p,18
2018,2,Other_s,19
2019,2,Dwelling,130
2019,2,Outbuilding_or_residential_land,16
2019,2,Street_footpath,34
2019,2,Other_community_location_p,22
2019,2,Other_s,22
2020,2,Dwelling,138
2020,2,Outbuilding_or_residential_land,9
2020,2,Street_footpath,37
2020,2,Other_community_location_p,17
2020,2,Other_s,10
2021,2,Dwelling,118
2021,2,Outbuilding_or_residential_land,7
2021,2,Street_footpath,34
2021,2,Other_community_location_p,14
2021,2,Other_s,17
2010,3,Dwelling,122
2010,3,Outbuilding_or_residential_land,5
2010,3,Street_footpath,39
2010,3,Other_community_location_p,4
2010,3,Other_s,30
2011,3,Dwelling,104
2011,3,Outbuilding_or_residential_land,14
2011,3,Street_footpath,36
2011,3,Other_community_location_p,16
2011,3,Other_s,17
2012,3,Dwelling,71
2012,3,Outbuilding_or_residential_land,12
2012,3,Street_footpath,50
2012,3,Other_community_location_p,6
2012,3,Other_s,17
2013,3,Dwelling,78
2013,3,Outbuilding_or_residential_land,15
2013,3,Street_footpath,35
2013,3,Other_community_location_p,10
2013,3,Other_s,14
2014,3,Dwelling,84
2014,3,Outbuilding_or_residential_land,8
2014,3,Street_footpath,36
2014,3,Other_community_location_p,9
2014,3,Other_s,3
2015,3,Dwelling,93
2015,3,Outbuilding_or_residential_land,11
2015,3,Street_footpath,25
2015,3,Other_community_location_p,14
2015,3,Other_s,7
2016,3,Dwelling,108
2016,3,Outbuilding_or_residential_land,7
2016,3,Street_footpath,40
2016,3,Other_community_location_p,14
2016,3,Other_s,19
2017,3,Dwelling,79
2017,3,Outbuilding_or_residential_land,10
2017,3,Street_footpath,61
2017,3,Other_community_location_p,12
2017,3,Other_s,13
2018,3,Dwelling,68
2018,3,Outbuilding_or_residential_land,10
2018,3,Street_footpath,26
2018,3,Other_community_location_p,8
2018,3,Other_s,10
2019,3,Dwelling,84
2019,3,Outbuilding_or_residential_land,4
2019,3,Street_footpath,31
2019,3,Other_community_location_p,13
2019,3,Other_s,13
2020,3,Dwelling,69
2020,3,Outbuilding_or_residential_land,7
2020,3,Street_footpath,29
2020,3,Other_community_location_p,12
2020,3,Other_s,4
2021,3,Dwelling,81
2021,3,Outbuilding_or_residential_land,4
2021,3,Street_footpath,17
2021,3,Other_community_location_p,9
2021,3,Other_s,12
2010,4,Dwelling,9
2010,4,Outbuilding_or_residential_land,0
2010,4,Street_footpath,4
2010,4,Other_community_location_p,4
2010,4,Other_s,0
2011,4,Dwelling,14
2011,4,Outbuilding_or_residential_land,0
2011,4,Street_footpath,3
2011,4,Other_community_location_p,5
2011,4,Other_s,3
2012,4,Dwelling,14
2012,4,Outbuilding_or_residential_land,3
2012,4,Street_footpath,12
2012,4,Other_community_location_p,7
2012,4,Other_s,5
2013,4,Dwelling,10
2013,4,Outbuilding_or_residential_land,0
2013,4,Street_footpath,0
2013,4,Other_community_location_p,0
2013,4,Other_s,6
2014,4,Dwelling,9
2014,4,Outbuilding_or_residential_land,0
2014,4,Street_footpath,9
2014,4,Other_community_location_p,4
2014,4,Other_s,3
2015,4,Dwelling,6
2015,4,Outbuilding_or_residential_land,3
2015,4,Street_footpath,4
2015,4,Other_community_location_p,3
2015,4,Other_s,4
2016,4,Dwelling,12
2016,4,Outbuilding_or_residential_land,0
2016,4,Street_footpath,7
2016,4,Other_community_location_p,3
2016,4,Other_s,4
2017,4,Dwelling,21
2017,4,Outbuilding_or_residential_land,0
2017,4,Street_footpath,9
2017,4,Other_community_location_p,8
2017,4,Other_s,3
2018,4,Dwelling,14
2018,4,Outbuilding_or_residential_land,4
2018,4,Street_footpath,14
2018,4,Other_community_location_p,0
2018,4,Other_s,0
2019,4,Dwelling,22
2019,4,Outbuilding_or_residential_land,0
2019,4,Street_footpath,8
2019,4,Other_community_location_p,7
2019,4,Other_s,7
2020,4,Dwelling,19
2020,4,Outbuilding_or_residential_land,0
2020,4,Street_footpath,19
2020,4,Other_community_location_p,7
2020,4,Other_s,10
2021,4,Dwelling,20
2021,4,Outbuilding_or_residential_land,0
2021,4,Street_footpath,15
2021,4,Other_community_location_p,4
2021,4,Other_s,3
2010,5,Dwelling,12023
2010,5,Outbuilding_or_residential_land,304
2010,5,Educational,679
2010,5,Transport_n,627
2010,5,Open_space,580
2010,5,Street_footpath,1228
2010,5,Other_community_location_p,394
2010,5,Administrative_professional,89
2010,5,Retail,613
2010,5,Recreational,803
2010,5,Other_s,196
2011,5,Dwelling,11637
2011,5,Outbuilding_or_residential_land,302
2011,5,Educational,662
2011,5,Transport_n,649
2011,5,Open_space,608
2011,5,Street_footpath,1261
2011,5,Other_community_location_p,349
2011,5,Administrative_professional,94
2011,5,Retail,601
2011,5,Recreational,794
2011,5,Other_s,198
2012,5,Dwelling,12079
2012,5,Outbuilding_or_residential_land,240
2012,5,Educational,710
2012,5,Transport_n,643
2012,5,Open_space,650
2012,5,Street_footpath,1220
2012,5,Other_community_location_p,402
2012,5,Administrative_professional,129
2012,5,Retail,635
2012,5,Recreational,779
2012,5,Other_s,197
2013,5,Dwelling,12883
2013,5,Outbuilding_or_residential_land,274
2013,5,Educational,761
2013,5,Transport_n,666
2013,5,Open_space,644
2013,5,Street_footpath,1241
2013,5,Other_community_location_p,463
2013,5,Administrative_professional,121
2013,5,Retail,651
2013,5,Recreational,760
2013,5,Other_s,207
2014,5,Dwelling,13674
2014,5,Outbuilding_or_residential_land,250
2014,5,Educational,836
2014,5,Transport_n,663
2014,5,Open_space,428
2014,5,Street_footpath,1109
2014,5,Other_community_location_p,485
2014,5,Administrative_professional,67
2014,5,Retail,912
2014,5,Recreational,909
2014,5,Other_s,222
2015,5,Dwelling,13430
2015,5,Outbuilding_or_residential_land,261
2015,5,Educational,957
2015,5,Transport_n,675
2015,5,Open_space,349
2015,5,Street_footpath,1036
2015,5,Other_community_location_p,605
2015,5,Administrative_professional,112
2015,5,Retail,966
2015,5,Recreational,817
2015,5,Other_s,254
2016,5,Dwelling,14683
2016,5,Outbuilding_or_residential_land,271
2016,5,Educational,1120
2016,5,Transport_n,719
2016,5,Open_space,350
2016,5,Street_footpath,1100
2016,5,Other_community_location_p,719
2016,5,Administrative_professional,98
2016,5,Retail,978
2016,5,Recreational,934
2016,5,Other_s,267
2017,5,Dwelling,16255
2017,5,Outbuilding_or_residential_land,284
2017,5,Educational,1349
2017,5,Transport_n,816
2017,5,Open_space,396
2017,5,Street_footpath,1188
2017,5,Other_community_location_p,924
2017,5,Administrative_professional,119
2017,5,Retail,1165
2017,5,Recreational,1068
2017,5,Other_s,270
2018,5,Dwelling,16405
2018,5,Outbuilding_or_residential_land,257
2018,5,Educational,1131
2018,5,Transport_n,755
2018,5,Open_space,426
2018,5,Street_footpath,1120
2018,5,Other_community_location_p,857
2018,5,Administrative_professional,170
2018,5,Retail,1283
2018,5,Recreational,1093
2018,5,Other_s,296
2019,5,Dwelling,16804
2019,5,Outbuilding_or_residential_land,208
2019,5,Educational,1052
2019,5,Transport_n,715
2019,5,Open_space,436
2019,5,Street_footpath,1165
2019,5,Other_community_location_p,853
2019,5,Administrative_professional,140
2019,5,Retail,1173
2019,5,Recreational,1001
2019,5,Other_s,318
2020,5,Dwelling,17497
2020,5,Outbuilding_or_residential_land,246
2020,5,Educational,1096
2020,5,Transport_n,550
2020,5,Open_space,448
2020,5,Street_footpath,1022
2020,5,Other_community_location_p,834
2020,5,Administrative_professional,136
2020,5,Retail,1004
2020,5,Recreational,936
2020,5,Other_s,337
2021,5,Dwelling,20405
2021,5,Outbuilding_or_residential_land,220
2021,5,Educational,1489
2021,5,Transport_n,643
2021,5,Open_space,567
2021,5,Street_footpath,1185
2021,5,Other_community_location_p,914
2021,5,Administrative_professional,151
2021,5,Retail,1287
2021,5,Recreational,1221
2021,5,Other_s,398
2010,6,Dwelling,170
2010,6,Outbuilding_or_residential_land,12
2010,6,Educational,15
2010,6,Transport_n,29
2010,6,Open_space,5
2010,6,Street_footpath,277
2010,6,Retail,37
2010,6,Recreational,39
2011,6,Dwelling,227
2011,6,Outbuilding_or_residential_land,10
2011,6,Educational,13
2011,6,Transport_n,24
2011,6,Open_space,13
2011,6,Street_footpath,306
2011,6,Retail,31
2011,6,Recreational,25
2012,6,Dwelling,238
2012,6,Outbuilding_or_residential_land,8
2012,6,Educational,18
2012,6,Transport_n,14
2012,6,Open_space,20
2012,6,Street_footpath,246
2012,6,Retail,32
2012,6,Recreational,30
2013,6,Dwelling,189
2013,6,Outbuilding_or_residential_land,6
2013,6,Educational,13
2013,6,Transport_n,33
2013,6,Open_space,9
2013,6,Street_footpath,253
2013,6,Retail,32
2013,6,Recreational,18
2014,6,Dwelling,223
2014,6,Outbuilding_or_residential_land,10
2014,6,Educational,16
2014,6,Transport_n,29
2014,6,Open_space,16
2014,6,Street_footpath,182
2014,6,Retail,33
2014,6,Recreational,22
2015,6,Dwelling,231
2015,6,Outbuilding_or_residential_land,14
2015,6,Educational,8
2015,6,Transport_n,19
2015,6,Open_space,11
2015,6,Street_footpath,172
2015,6,Retail,20
2015,6,Recreational,19
2016,6,Dwelling,251
2016,6,Outbuilding_or_residential_land,10
2016,6,Educational,13
2016,6,Transport_n,15
2016,6,Open_space,14
2016,6,Street_footpath,148
2016,6,Retail,39
2016,6,Recreational,10
2017,6,Dwelling,261
2017,6,Outbuilding_or_residential_land,8
2017,6,Educational,9
2017,6,Transport_n,20
2017,6,Open_space,4
2017,6,Street_footpath,113
2017,6,Retail,26
2017,6,Recreational,20
2018,6,Dwelling,226
2018,6,Outbuilding_or_residential_land,3
2018,6,Educational,10
2018,6,Transport_n,13
2018,6,Open_space,10
2018,6,Street_footpath,110
2018,6,Retail,32
2018,6,Recreational,15
2019,6,Dwelling,280
2019,6,Outbuilding_or_residential_land,14
2019,6,Educational,5
2019,6,Transport_n,15
2019,6,Open_space,11
2019,6,Street_footpath,123
2019,6,Retail,33
2019,6,Recreational,19
2020,6,Dwelling,199
2020,6,Outbuilding_or_residential_land,7
2020,6,Educational,6
2020,6,Transport_n,14
2020,6,Open_space,5
2020,6,Street_footpath,103
2020,6,Retail,20
2020,6,Recreational,9
2021,6,Dwelling,252
2021,6,Outbuilding_or_residential_land,7
2021,6,Educational,4
2021,6,Transport_n,12
2021,6,Open_space,5
2021,6,Street_footpath,87
2021,6,Retail,29
2021,6,Recreational,19
2010,7,Dwelling,922
2010,7,Outbuilding_or_residential_land,162
2010,7,Educational,92
2010,7,Transport_n,1318
2010,7,Open_space,316
2010,7,Street_footpath,6735
2010,7,Other_community_location_p,61
2010,7,Administrative_professional,59
2010,7,Retail,3364
2010,7,Recreational,1108
2010,7,Other_s,162
2011,7,Dwelling,920
2011,7,Outbuilding_or_residential_land,168
2011,7,Educational,69
2011,7,Transport_n,1192
2011,7,Open_space,275
2011,7,Street_footpath,5896
2011,7,Other_community_location_p,63
2011,7,Administrative_professional,79
2011,7,Retail,3536
2011,7,Recreational,977
2011,7,Other_s,170
2012,7,Dwelling,1070
2012,7,Outbuilding_or_residential_land,174
2012,7,Educational,77
2012,7,Transport_n,1126
2012,7,Open_space,211
2012,7,Street_footpath,5123
2012,7,Other_community_location_p,55
2012,7,Administrative_professional,62
2012,7,Retail,3816
2012,7,Recreational,989
2012,7,Other_s,191
2013,7,Dwelling,980
2013,7,Outbuilding_or_residential_land,196
2013,7,Educational,62
2013,7,Transport_n,1000
2013,7,Open_space,239
2013,7,Street_footpath,4613
2013,7,Other_community_location_p,44
2013,7,Administrative_professional,60
2013,7,Retail,3326
2013,7,Recreational,829
2013,7,Other_s,158
2014,7,Dwelling,1064
2014,7,Outbuilding_or_residential_land,171
2014,7,Educational,57
2014,7,Transport_n,748
2014,7,Open_space,155
2014,7,Street_footpath,3706
2014,7,Other_community_location_p,49
2014,7,Administrative_professional,66
2014,7,Retail,2776
2014,7,Recreational,754
2014,7,Other_s,124
2015,7,Dwelling,1072
2015,7,Outbuilding_or_residential_land,178
2015,7,Educational,62
2015,7,Transport_n,731
2015,7,Open_space,126
2015,7,Street_footpath,3336
2015,7,Other_community_location_p,87
2015,7,Administrative_professional,75
2015,7,Retail,2383
2015,7,Recreational,603
2015,7,Other_s,117
2016,7,Dwelling,1201
2016,7,Outbuilding_or_residential_land,277
2016,7,Educational,61
2016,7,Transport_n,684
2016,7,Open_space,138
2016,7,Street_footpath,3540
2016,7,Other_community_location_p,86
2016,7,Administrative_professional,67
2016,7,Retail,2444
2016,7,Recreational,637
2016,7,Other_s,106
2017,7,Dwelling,1189
2017,7,Outbuilding_or_residential_land,239
2017,7,Educational,59
2017,7,Transport_n,781
2017,7,Open_space,163
2017,7,Street_footpath,3666
2017,7,Other_community_location_p,116
2017,7,Administrative_professional,61
2017,7,Retail,2316
2017,7,Recreational,741
2017,7,Other_s,94
2018,7,Dwelling,1363
2018,7,Outbuilding_or_residential_land,254
2018,7,Educational,54
2018,7,Transport_n,860
2018,7,Open_space,206
2018,7,Street_footpath,3816
2018,7,Other_community_location_p,89
2018,7,Administrative_professional,55
2018,7,Retail,2273
2018,7,Recreational,873
2018,7,Other_s,119
2019,7,Dwelling,1607
2019,7,Outbuilding_or_residential_land,292
2019,7,Educational,91
2019,7,Transport_n,1036
2019,7,Open_space,234
2019,7,Street_footpath,4490
2019,7,Other_community_location_p,89
2019,7,Administrative_professional,74
2019,7,Retail,2468
2019,7,Recreational,1027
2019,7,Other_s,152
2020,7,Dwelling,1389
2020,7,Outbuilding_or_residential_land,230
2020,7,Educational,81
2020,7,Transport_n,858
2020,7,Open_space,219
2020,7,Street_footpath,3245
2020,7,Other_community_location_p,104
2020,7,Administrative_professional,67
2020,7,Retail,2094
2020,7,Recreational,815
2020,7,Other_s,106
2021,7,Dwelling,1496
2021,7,Outbuilding_or_residential_land,186
2021,7,Educational,46
2021,7,Transport_n,951
2021,7,Open_space,191
2021,7,Street_footpath,3122
2021,7,Other_community_location_p,79
2021,7,Administrative_professional,59
2021,7,Retail,1911
2021,7,Recreational,727
2021,7,Other_s,118
2010,11,Dwelling,124426
2010,11,Outbuilding_or_residential_land,15131
2010,11,Educational,9774
2010,11,Transport_n,421
2010,11,Open_space,105
2010,11,Street_footpath,47
2010,11,Other_community_location_p,3367
2010,11,Administrative_professional,8002
2010,11,Retail,24654
2010,11,Recreational,5714
2010,11,Other_s,9669
2011,11,Dwelling,126924
2011,11,Outbuilding_or_residential_land,16042
2011,11,Educational,8684
2011,11,Transport_n,404
2011,11,Open_space,91
2011,11,Street_footpath,50
2011,11,Other_community_location_p,3228
2011,11,Administrative_professional,7475
2011,11,Retail,24057
2011,11,Recreational,5581
2011,11,Other_s,9929
2012,11,Dwelling,130768
2012,11,Outbuilding_or_residential_land,16544
2012,11,Educational,7822
2012,11,Transport_n,437
2012,11,Open_space,44
2012,11,Street_footpath,61
2012,11,Other_community_location_p,3360
2012,11,Administrative_professional,7546
2012,11,Retail,25210
2012,11,Recreational,5586
2012,11,Other_s,10616
2013,11,Dwelling,119989
2013,11,Outbuilding_or_residential_land,15364
2013,11,Educational,7057
2013,11,Transport_n,472
2013,11,Open_space,46
2013,11,Street_footpath,54
2013,11,Other_community_location_p,2892
2013,11,Administrative_professional,6062
2013,11,Retail,21789
2013,11,Recreational,4834
2013,11,Other_s,9708
2014,11,Dwelling,111435
2014,11,Outbuilding_or_residential_land,15633
2014,11,Educational,6280
2014,11,Transport_n,540
2014,11,Open_space,82
2014,11,Street_footpath,41
2014,11,Other_community_location_p,2832
2014,11,Administrative_professional,5973
2014,11,Retail,19791
2014,11,Recreational,4617
2014,11,Other_s,8795
2015,11,Dwelling,111732
2015,11,Outbuilding_or_residential_land,16770
2015,11,Educational,6001
2015,11,Transport_n,591
2015,11,Open_space,0
2015,11,Street_footpath,0
2015,11,Other_community_location_p,2827
2015,11,Administrative_professional,6185
2015,11,Retail,20048
2015,11,Recreational,4422
2015,11,Other_s,10022
2016,11,Dwelling,114703
2016,11,Outbuilding_or_residential_land,17203
2016,11,Educational,5777
2016,11,Transport_n,601
2016,11,Open_space,0
2016,11,Street_footpath,0
2016,11,Other_community_location_p,2899
2016,11,Administrative_professional,5940
2016,11,Retail,20908
2016,11,Recreational,4380
2016,11,Other_s,10669
2017,11,Dwelling,110282
2017,11,Outbuilding_or_residential_land,14948
2017,11,Educational,5484
2017,11,Transport_n,553
2017,11,Open_space,0
2017,11,Street_footpath,0
2017,11,Other_community_location_p,2593
2017,11,Administrative_professional,5246
2017,11,Retail,19264
2017,11,Recreational,3976
2017,11,Other_s,8513
2018,11,Dwelling,103038
2018,11,Outbuilding_or_residential_land,15445
2018,11,Educational,5151
2018,11,Transport_n,622
2018,11,Open_space,8
2018,11,Street_footpath,17
2018,11,Other_community_location_p,2638
2018,11,Administrative_professional,5673
2018,11,Retail,17277
2018,11,Recreational,3852
2018,11,Other_s,9316
2019,11,Dwelling,107193
2019,11,Outbuilding_or_residential_land,14265
2019,11,Educational,5062
2019,11,Transport_n,711
2019,11,Open_space,0
2019,11,Street_footpath,0
2019,11,Other_community_location_p,2813
2019,11,Administrative_professional,5586
2019,11,Retail,17624
2019,11,Recreational,4064
2019,11,Other_s,10107
2020,11,Dwelling,81285
2020,11,Outbuilding_or_residential_land,12092
2020,11,Educational,3961
2020,11,Transport_n,563
2020,11,Open_space,0
2020,11,Street_footpath,15
2020,11,Other_community_location_p,2200
2020,11,Administrative_professional,4407
2020,11,Retail,13853
2020,11,Recreational,3094
2020,11,Other_s,7867
2021,11,Dwelling,85311
2021,11,Outbuilding_or_residential_land,10000
2021,11,Educational,4284
2021,11,Transport_n,746
2021,11,Open_space,3
2021,11,Street_footpath,29
2021,11,Other_community_location_p,2225
2021,11,Administrative_professional,4616
2021,11,Retail,14958
2021,11,Recreational,3266
2021,11,Other_s,8160
2010,14,Outbuilding_or_residential_land,23196
2010,14,Educational,180
2010,14,Transport_n,3545
2010,14,Open_space,409
2010,14,Street_footpath,18837
2010,14,Other_community_location_p,156
2010,14,Administrative_professional,837
2010,14,Retail,3525
2010,14,Recreational,738
2010,14,Other_s,1564
2011,14,Outbuilding_or_residential_land,24000
2011,14,Educational,150
2011,14,Transport_n,3291
2011,14,Open_space,434
2011,14,Street_footpath,18785
2011,14,Other_community_location_p,146
2011,14,Administrative_professional,1019
2011,14,Retail,3535
2011,14,Recreational,602
2011,14,Other_s,1581
2012,14,Outbuilding_or_residential_land,26506
2012,14,Educational,193
2012,14,Transport_n,3500
2012,14,Open_space,395
2012,14,Street_footpath,18524
2012,14,Other_community_location_p,199
2012,14,Administrative_professional,1384
2012,14,Retail,3606
2012,14,Recreational,658
2012,14,Other_s,1769
2013,14,Outbuilding_or_residential_land,24652
2013,14,Educational,145
2013,14,Transport_n,2971
2013,14,Open_space,407
2013,14,Street_footpath,15857
2013,14,Other_community_location_p,163
2013,14,Administrative_professional,1386
2013,14,Retail,3069
2013,14,Recreational,579
2013,14,Other_s,1689
2014,14,Outbuilding_or_residential_land,22867
2014,14,Educational,146
2014,14,Transport_n,2770
2014,14,Open_space,381
2014,14,Street_footpath,15979
2014,14,Other_community_location_p,137
2014,14,Administrative_professional,1294
2014,14,Retail,2861
2014,14,Recreational,548
2014,14,Other_s,1670
2015,14,Outbuilding_or_residential_land,23697
2015,14,Educational,135
2015,14,Transport_n,3141
2015,14,Open_space,316
2015,14,Street_footpath,15863
2015,14,Other_community_location_p,189
2015,14,Administrative_professional,1599
2015,14,Retail,2762
2015,14,Recreational,479
2015,14,Other_s,1701
2016,14,Outbuilding_or_residential_land,27826
2016,14,Educational,183
2016,14,Transport_n,3600
2016,14,Open_space,331
2016,14,Street_footpath,15078
2016,14,Other_community_location_p,245
2016,14,Administrative_professional,1377
2016,14,Retail,3428
2016,14,Recreational,570
2016,14,Other_s,2054
2017,14,Outbuilding_or_residential_land,27513
2017,14,Educational,163
2017,14,Transport_n,3231
2017,14,Open_space,268
2017,14,Street_footpath,13453
2017,14,Other_community_location_p,254
2017,14,Administrative_professional,1312
2017,14,Retail,2873
2017,14,Recreational,548
2017,14,Other_s,1759
2018,14,Outbuilding_or_residential_land,28105
2018,14,Educational,142
2018,14,Transport_n,2995
2018,14,Open_space,290
2018,14,Street_footpath,13594
2018,14,Other_community_location_p,245
2018,14,Administrative_professional,1317
2018,14,Retail,3149
2018,14,Recreational,572
2018,14,Other_s,1966
2019,14,Outbuilding_or_residential_land,30778
2019,14,Educational,178
2019,14,Transport_n,3541
2019,14,Open_space,493
2019,14,Street_footpath,13964
2019,14,Other_community_location_p,284
2019,14,Administrative_professional,1598
2019,14,Retail,3116
2019,14,Recreational,710
2019,14,Other_s,2250
2020,14,Outbuilding_or_residential_land,25087
2020,14,Educational,138
2020,14,Transport_n,2639
2020,14,Open_space,423
2020,14,Street_footpath,12367
2020,14,Other_community_location_p,253
2020,14,Administrative_professional,1425
2020,14,Retail,2520
2020,14,Recreational,478
2020,14,Other_s,1881
2021,14,Outbuilding_or_residential_land,27590
2021,14,Educational,143
2021,14,Transport_n,2723
2021,14,Open_space,358
2021,14,Street_footpath,11703
2021,14,Other_community_location_p,280
2021,14,Administrative_professional,1234
2021,14,Retail,2324
2021,14,Recreational,586
2021,14,Other_s,1852
2010,15,Dwelling,49003
2010,15,Outbuilding_or_residential_land,90214
2010,15,Educational,11238
2010,15,Transport_n,37924
2010,15,Open_space,7677
2010,15,Street_footpath,64363
2010,15,Other_community_location_p,5755
2010,15,Administrative_professional,6364
2010,15,Retail,151046
2010,15,Recreational,18245
2010,15,Other_s,16728
2011,15,Dwelling,51451
2011,15,Outbuilding_or_residential_land,97062
2011,15,Educational,10462
2011,15,Transport_n,38967
2011,15,Open_space,7749
2011,15,Street_footpath,67779
2011,15,Other_community_location_p,6050
2011,15,Administrative_professional,6622
2011,15,Retail,159806
2011,15,Recreational,19166
2011,15,Other_s,17345
2012,15,Dwelling,54309
2012,15,Outbuilding_or_residential_land,99212
2012,15,Educational,9711
2012,15,Transport_n,38737
2012,15,Open_space,7750
2012,15,Street_footpath,63529
2012,15,Other_community_location_p,6161
2012,15,Administrative_professional,6763
2012,15,Retail,170754
2012,15,Recreational,18205
2012,15,Other_s,17332
2013,15,Dwelling,53419
2013,15,Outbuilding_or_residential_land,94409
2013,15,Educational,9249
2013,15,Transport_n,37802
2013,15,Open_space,8045
2013,15,Street_footpath,59552
2013,15,Other_community_location_p,5706
2013,15,Administrative_professional,6917
2013,15,Retail,165461
2013,15,Recreational,18182
2013,15,Other_s,15993
2014,15,Dwelling,53322
2014,15,Outbuilding_or_residential_land,92541
2014,15,Educational,8666
2014,15,Transport_n,38760
2014,15,Open_space,9005
2014,15,Street_footpath,59819
2014,15,Other_community_location_p,5571
2014,15,Administrative_professional,7339
2014,15,Retail,159402
2014,15,Recreational,14405
2014,15,Other_s,16307
2015,15,Dwelling,57896
2015,15,Outbuilding_or_residential_land,99373
2015,15,Educational,8321
2015,15,Transport_n,34922
2015,15,Open_space,5993
2015,15,Street_footpath,61655
2015,15,Other_community_location_p,6427
2015,15,Administrative_professional,7492
2015,15,Retail,169309
2015,15,Recreational,16046
2015,15,Other_s,17685
2016,15,Dwelling,61026
2016,15,Outbuilding_or_residential_land,107859
2016,15,Educational,8242
2016,15,Transport_n,35663
2016,15,Open_space,6067
2016,15,Street_footpath,71915
2016,15,Other_community_location_p,6538
2016,15,Administrative_professional,7261
2016,15,Retail,182457
2016,15,Recreational,15803
2016,15,Other_s,16480
2017,15,Dwelling,52740
2017,15,Outbuilding_or_residential_land,105085
2017,15,Educational,7847
2017,15,Transport_n,31860
2017,15,Open_space,5512
2017,15,Street_footpath,65335
2017,15,Other_community_location_p,6167
2017,15,Administrative_professional,7043
2017,15,Retail,185041
2017,15,Recreational,15582
2017,15,Other_s,14818
2018,15,Dwelling,49821
2018,15,Outbuilding_or_residential_land,112566
2018,15,Educational,7119
2018,15,Transport_n,31560
2018,15,Open_space,5257
2018,15,Street_footpath,67317
2018,15,Other_community_location_p,5974
2018,15,Administrative_professional,7946
2018,15,Retail,204445
2018,15,Recreational,15655
2018,15,Other_s,16328
2019,15,Dwelling,55398
2019,15,Outbuilding_or_residential_land,114296
2019,15,Educational,7508
2019,15,Transport_n,32853
2019,15,Open_space,5921
2019,15,Street_footpath,70697
2019,15,Other_community_location_p,6617
2019,15,Administrative_professional,8181
2019,15,Retail,218435
2019,15,Recreational,16420
2019,15,Other_s,19189
2020,15,Dwelling,46726
2020,15,Outbuilding_or_residential_land,92030
2020,15,Educational,4517
2020,15,Transport_n,21621
2020,15,Open_space,5178
2020,15,Street_footpath,58939
2020,15,Other_community_location_p,4458
2020,15,Administrative_professional,5599
2020,15,Retail,162082
2020,15,Recreational,9849
2020,15,Other_s,14818
2021,15,Dwelling,47164
2021,15,Outbuilding_or_residential_land,88898
2021,15,Educational,4647
2021,15,Transport_n,21810
2021,15,Open_space,4819
2021,15,Street_footpath,58031
2021,15,Other_community_location_p,4260
2021,15,Administrative_professional,5283
2021,15,Retail,169612
2021,15,Recreational,11304
2021,15,Other_s,14714
